query,rank,movieId,title,reason,human_relevance_0_to_2,reviewer_notes
Toy Story (1995),1,3114,Toy Story 2 (1999),Liked by some of the same viewers. Shared genres: Animation · Children's · Comedy,,
Toy Story (1995),2,2355,"Bug's Life, A (1998)",Liked by some of the same viewers. Shared genres: Animation · Children's · Comedy,,
Toy Story (1995),3,588,Aladdin (1992),Liked by some of the same viewers. Shared genres: Animation · Children's · Comedy,,
Toy Story (1995),4,364,"Lion King, The (1994)",Liked by some of the same viewers. Shared genres: Animation · Children's,,
Toy Story (1995),5,595,Beauty and the Beast (1991),Liked by some of the same viewers. Shared genres: Animation · Children's,,
Toy Story (1995),6,34,Babe (1995),Liked by some of the same viewers. Shared genres: Children's · Comedy,,
Toy Story (1995),7,1265,Groundhog Day (1993),Liked by some of the same viewers. Shared genres: Comedy,,
Toy Story (1995),8,1270,Back to the Future (1985),Liked by some of the same viewers. Shared genres: Comedy,,
Toy Story (1995),9,2987,Who Framed Roger Rabbit? (1988),Liked by some of the same viewers. Shared genres: Animation,,
Toy Story (1995),10,1136,Monty Python and the Holy Grail (1974),Liked by some of the same viewers. Shared genres: Comedy,,
"Matrix, The (1999)",1,589,Terminator 2: Judgment Day (1991),Liked by some of the same viewers. Shared genres: Action · Sci-Fi · Thriller,,
"Matrix, The (1999)",2,1240,"Terminator, The (1984)",Liked by some of the same viewers. Shared genres: Action · Sci-Fi · Thriller,,
"Matrix, The (1999)",3,2916,Total Recall (1990),Liked by some of the same viewers. Shared genres: Action · Sci-Fi · Thriller,,
"Matrix, The (1999)",4,1200,Aliens (1986),Liked by some of the same viewers. Shared genres: Action · Sci-Fi · Thriller,,
"Matrix, The (1999)",5,1214,Alien (1979),Liked by some of the same viewers. Shared genres: Action · Sci-Fi · Thriller,,
"Matrix, The (1999)",6,1573,Face/Off (1997),Liked by some of the same viewers. Shared genres: Action · Sci-Fi · Thriller,,
"Matrix, The (1999)",7,457,"Fugitive, The (1993)",Liked by some of the same viewers. Shared genres: Action · Thriller,,
"Matrix, The (1999)",8,1527,"Fifth Element, The (1997)",Liked by some of the same viewers. Shared genres: Action · Sci-Fi,,
"Matrix, The (1999)",9,260,Star Wars: Episode IV - A New Hope (1977),Liked by some of the same viewers. Shared genres: Action · Sci-Fi,,
"Matrix, The (1999)",10,1196,Star Wars: Episode V - The Empire Strikes Back (1980),Liked by some of the same viewers. Shared genres: Action · Sci-Fi,,
"Shawshank Redemption, The (1994)",1,1704,Good Will Hunting (1997),Liked by some of the same viewers. Shared genres: Drama,,
"Shawshank Redemption, The (1994)",2,1193,One Flew Over the Cuckoo's Nest (1975),Liked by some of the same viewers. Shared genres: Drama,,
"Shawshank Redemption, The (1994)",3,150,Apollo 13 (1995),Liked by some of the same viewers. Shared genres: Drama,,
"Shawshank Redemption, The (1994)",4,593,"Silence of the Lambs, The (1991)",Liked by some of the same viewers. Shared genres: Drama,,
"Shawshank Redemption, The (1994)",5,1225,Amadeus (1984),Liked by some of the same viewers. Shared genres: Drama,,
"Shawshank Redemption, The (1994)",6,2858,American Beauty (1999),Liked by some of the same viewers. Shared genres: Drama,,
"Shawshank Redemption, The (1994)",7,527,Schindler's List (1993),Liked by some of the same viewers. Shared genres: Drama,,
"Shawshank Redemption, The (1994)",8,296,Pulp Fiction (1994),Liked by some of the same viewers. Shared genres: Drama,,
"Shawshank Redemption, The (1994)",9,608,Fargo (1996),Liked by some of the same viewers. Shared genres: Drama,,
"Shawshank Redemption, The (1994)",10,1213,GoodFellas (1990),Liked by some of the same viewers. Shared genres: Drama,,
"Godfather, The (1972)",1,1221,"Godfather: Part II, The (1974)",Liked by some of the same viewers. Shared genres: Action · Crime · Drama,,
"Godfather, The (1972)",2,1213,GoodFellas (1990),Liked by some of the same viewers. Shared genres: Crime · Drama,,
"Godfather, The (1972)",3,2194,"Untouchables, The (1987)",Liked by some of the same viewers. Shared genres: Action · Crime · Drama,,
"Godfather, The (1972)",4,1953,"French Connection, The (1971)",Liked by some of the same viewers. Shared genres: Action · Crime · Drama,,
"Godfather, The (1972)",5,296,Pulp Fiction (1994),Liked by some of the same viewers. Shared genres: Crime · Drama,,
"Godfather, The (1972)",6,608,Fargo (1996),Liked by some of the same viewers. Shared genres: Crime · Drama,,
"Godfather, The (1972)",7,1954,Rocky (1976),Liked by some of the same viewers. Shared genres: Action · Drama,,
"Godfather, The (1972)",8,1234,"Sting, The (1973)",Liked by some of the same viewers. Shared genres: Crime,,
"Godfather, The (1972)",9,50,"Usual Suspects, The (1995)",Liked by some of the same viewers. Shared genres: Crime,,
"Godfather, The (1972)",10,1198,Raiders of the Lost Ark (1981),Liked by some of the same viewers. Shared genres: Action,,
Alien (1979),1,1240,"Terminator, The (1984)",Liked by some of the same viewers. Shared genres: Action · Sci-Fi · Thriller,,
Alien (1979),2,1200,Aliens (1986),Liked by some of the same viewers. Shared genres: Action · Sci-Fi · Thriller,,
Alien (1979),3,1387,Jaws (1975),Liked by some of the same viewers. Shared genres: Action · Horror,,
Alien (1979),4,589,Terminator 2: Judgment Day (1991),Liked by some of the same viewers. Shared genres: Action · Sci-Fi · Thriller,,
Alien (1979),5,2288,"Thing, The (1982)",Liked by some of the same viewers. Shared genres: Action · Horror · Sci-Fi · Thriller,,
Alien (1979),6,2571,"Matrix, The (1999)",Liked by some of the same viewers. Shared genres: Action · Sci-Fi · Thriller,,
Alien (1979),7,3527,Predator (1987),Liked by some of the same viewers. Shared genres: Action · Sci-Fi · Thriller,,
Alien (1979),8,260,Star Wars: Episode IV - A New Hope (1977),Liked by some of the same viewers. Shared genres: Action · Sci-Fi,,
Alien (1979),9,2916,Total Recall (1990),Liked by some of the same viewers. Shared genres: Action · Sci-Fi · Thriller,,
Alien (1979),10,1036,Die Hard (1988),Liked by some of the same viewers. Shared genres: Action · Thriller,,
