query,rank,movieId,title,genres,content_score,collab_score,score,ranking_score,avg_rating,rating_count,reason
Toy Story (1995),1,3114,Toy Story 2 (1999),Animation|Children's|Comedy,1.0000000,1.0000000,0.9899930,0.9899930,4.2189274,1585,Liked by some of the same viewers. Shared genres: Animation · Children's · Comedy
Toy Story (1995),2,2355,"Bug's Life, A (1998)",Animation|Children's|Comedy,1.0000000,0.8193396,0.8862192,0.8062192,3.8543746,1703,Liked by some of the same viewers. Shared genres: Animation · Children's · Comedy
Toy Story (1995),3,588,Aladdin (1992),Animation|Children's|Comedy|Musical,0.8130771,0.8172612,0.8094861,0.7444399,3.7883050,1351,Liked by some of the same viewers. Shared genres: Animation · Children's · Comedy
Toy Story (1995),4,364,"Lion King, The (1994)",Animation|Children's|Musical,0.7465218,0.7297682,0.7355927,0.6587923,3.8608385,1121,Liked by some of the same viewers. Shared genres: Animation · Children's
Toy Story (1995),5,595,Beauty and the Beast (1991),Animation|Children's|Musical,0.7465218,0.7140826,0.7272559,0.6472559,3.8858491,1060,Liked by some of the same viewers. Shared genres: Animation · Children's
Toy Story (1995),6,34,Babe (1995),Children's|Comedy|Drama,0.6275573,0.7361927,0.6919650,0.6417604,3.8914906,1751,Liked by some of the same viewers. Shared genres: Children's · Comedy
Toy Story (1995),7,1265,Groundhog Day (1993),Comedy|Romance,0.1973723,0.7747268,0.5418618,0.5207205,3.9530290,2278,Liked by some of the same viewers. Shared genres: Comedy
Toy Story (1995),8,1270,Back to the Future (1985),Comedy|Sci-Fi,0.1765306,0.7831446,0.5386237,0.5151169,3.9903213,2583,Liked by some of the same viewers. Shared genres: Comedy
Toy Story (1995),9,2987,Who Framed Roger Rabbit? (1988),Adventure|Animation|Film-Noir,0.4191175,0.6267670,0.5458334,0.5123040,3.6798221,1799,Liked by some of the same viewers. Shared genres: Animation
Toy Story (1995),10,1136,Monty Python and the Holy Grail (1974),Comedy,0.3443507,0.6687438,0.5469538,0.5011000,4.3352095,1599,Liked by some of the same viewers. Shared genres: Comedy
"Matrix, The (1999)",1,589,Terminator 2: Judgment Day (1991),Action|Sci-Fi|Thriller,1.0000000,1.0000000,0.9881210,0.9881210,4.0585126,2649,Liked by some of the same viewers. Shared genres: Action · Sci-Fi · Thriller
"Matrix, The (1999)",2,1240,"Terminator, The (1984)",Action|Sci-Fi|Thriller,1.0000000,0.8827160,0.9247284,0.8447284,4.1520496,2098,Liked by some of the same viewers. Shared genres: Action · Sci-Fi · Thriller
"Matrix, The (1999)",3,2916,Total Recall (1990),Action|Adventure|Sci-Fi|Thriller,0.8421968,0.8426730,0.8338476,0.7664719,3.6823647,1996,Liked by some of the same viewers. Shared genres: Action · Sci-Fi · Thriller
"Matrix, The (1999)",4,1200,Aliens (1986),Action|Sci-Fi|Thriller|War,0.7959900,0.8353478,0.8167282,0.7530490,4.1258242,1820,Liked by some of the same viewers. Shared genres: Action · Sci-Fi · Thriller
"Matrix, The (1999)",5,1214,Alien (1979),Action|Horror|Sci-Fi|Thriller,0.8551230,0.7967775,0.8195975,0.7511876,4.1595850,2024,Liked by some of the same viewers. Shared genres: Action · Sci-Fi · Thriller
"Matrix, The (1999)",6,1573,Face/Off (1997),Action|Sci-Fi|Thriller,1.0000000,0.7098533,0.8205100,0.7405100,3.4011260,1421,Liked by some of the same viewers. Shared genres: Action · Sci-Fi · Thriller
"Matrix, The (1999)",7,457,"Fugitive, The (1993)",Action|Thriller,0.7645082,0.8305995,0.8012643,0.7401036,4.1032582,1995,Liked by some of the same viewers. Shared genres: Action · Thriller
"Matrix, The (1999)",8,1527,"Fifth Element, The (1997)",Action|Sci-Fi,0.8400306,0.7862258,0.8014172,0.7342147,3.6405229,1377,Liked by some of the same viewers. Shared genres: Action · Sci-Fi
"Matrix, The (1999)",9,260,Star Wars: Episode IV - A New Hope (1977),Action|Adventure|Fantasy|Sci-Fi,0.5107420,0.9569694,0.7736219,0.7192236,4.4536944,2991,Liked by some of the same viewers. Shared genres: Action · Sci-Fi
"Matrix, The (1999)",10,1196,Star Wars: Episode V - The Empire Strikes Back (1980),Action|Adventure|Drama|Sci-Fi|War,0.5252171,0.9590449,0.7785775,0.7177235,4.2929766,2990,Liked by some of the same viewers. Shared genres: Action · Sci-Fi
"Shawshank Redemption, The (1994)",1,1704,Good Will Hunting (1997),Drama,1.0000000,0.9153254,0.9429008,0.9429008,4.1763566,1548,Liked by some of the same viewers. Shared genres: Drama
"Shawshank Redemption, The (1994)",2,1193,One Flew Over the Cuckoo's Nest (1975),Drama,1.0000000,0.7368768,0.8473814,0.7673814,4.3907246,1725,Liked by some of the same viewers. Shared genres: Drama
"Shawshank Redemption, The (1994)",3,150,Apollo 13 (1995),Drama,1.0000000,0.7317874,0.8406660,0.7606660,4.0735412,1251,Liked by some of the same viewers. Shared genres: Drama
"Shawshank Redemption, The (1994)",4,593,"Silence of the Lambs, The (1991)",Drama|Thriller,0.5238469,1.0000000,0.8012534,0.7593456,4.3518231,2578,Liked by some of the same viewers. Shared genres: Drama
"Shawshank Redemption, The (1994)",5,1225,Amadeus (1984),Drama,1.0000000,0.6651928,0.8062111,0.7262111,4.2518090,1382,Liked by some of the same viewers. Shared genres: Drama
"Shawshank Redemption, The (1994)",6,2858,American Beauty (1999),Comedy|Drama,0.6550262,0.8568258,0.7745998,0.7221977,4.3173862,3428,Liked by some of the same viewers. Shared genres: Drama
"Shawshank Redemption, The (1994)",7,527,Schindler's List (1993),Drama|War,0.4017826,0.9747722,0.7404713,0.7083287,4.5104167,2304,Liked by some of the same viewers. Shared genres: Drama
"Shawshank Redemption, The (1994)",8,296,Pulp Fiction (1994),Crime|Drama,0.4343243,0.9196426,0.7203147,0.6855688,4.2782128,2171,Liked by some of the same viewers. Shared genres: Drama
"Shawshank Redemption, The (1994)",9,608,Fargo (1996),Crime|Drama|Thriller,0.3547688,0.8887716,0.6712512,0.6059049,4.2546757,2513,Liked by some of the same viewers. Shared genres: Drama
"Shawshank Redemption, The (1994)",10,1213,GoodFellas (1990),Crime|Drama,0.4343243,0.8353465,0.6738562,0.5938562,4.2751961,1657,Liked by some of the same viewers. Shared genres: Drama
"Godfather, The (1972)",1,1221,"Godfather: Part II, The (1974)",Action|Crime|Drama,1.0000000,1.0000000,0.9916911,0.9916911,4.3575650,1692,Liked by some of the same viewers. Shared genres: Action · Crime · Drama
"Godfather, The (1972)",2,1213,GoodFellas (1990),Crime|Drama,0.8187870,0.6646343,0.7337497,0.6682467,4.2751961,1657,Liked by some of the same viewers. Shared genres: Crime · Drama
"Godfather, The (1972)",3,2194,"Untouchables, The (1987)",Action|Crime|Drama,1.0000000,0.5536975,0.7419070,0.6619070,4.0079858,1127,Liked by some of the same viewers. Shared genres: Action · Crime · Drama
"Godfather, The (1972)",4,1953,"French Connection, The (1971)",Action|Crime|Drama|Thriller,0.8656835,0.6078445,0.7189671,0.6497124,4.0987224,861,Liked by some of the same viewers. Shared genres: Action · Crime · Drama
"Godfather, The (1972)",5,296,Pulp Fiction (1994),Crime|Drama,0.8187870,0.6537474,0.7278575,0.6478575,4.2782128,2171,Liked by some of the same viewers. Shared genres: Crime · Drama
"Godfather, The (1972)",6,608,Fargo (1996),Crime|Drama|Thriller,0.6688093,0.6752273,0.6794180,0.6099974,4.2546757,2513,Liked by some of the same viewers. Shared genres: Crime · Drama
"Godfather, The (1972)",7,1954,Rocky (1976),Action|Drama,0.6753168,0.5649001,0.6174214,0.5633960,3.9433127,1129,Liked by some of the same viewers. Shared genres: Action · Drama
"Godfather, The (1972)",8,1234,"Sting, The (1973)",Comedy|Crime,0.6445345,0.5730294,0.6140637,0.5510891,4.3203050,1049,Liked by some of the same viewers. Shared genres: Crime
"Godfather, The (1972)",9,50,"Usual Suspects, The (1995)",Crime|Thriller,0.5803994,0.6172694,0.6153028,0.5405064,4.5171060,1783,Liked by some of the same viewers. Shared genres: Crime
"Godfather, The (1972)",10,1198,Raiders of the Lost Ark (1981),Action|Adventure,0.3696039,0.7007151,0.5764880,0.5327036,4.4777247,2514,Liked by some of the same viewers. Shared genres: Action
Alien (1979),1,1240,"Terminator, The (1984)",Action|Sci-Fi|Thriller,0.8551230,0.9105352,0.8820782,0.8820782,4.1520496,2098,Liked by some of the same viewers. Shared genres: Action · Sci-Fi · Thriller
Alien (1979),2,1200,Aliens (1986),Action|Sci-Fi|Thriller|War,0.6806693,1.0000000,0.8611586,0.7974794,4.1258242,1820,Liked by some of the same viewers. Shared genres: Action · Sci-Fi · Thriller
Alien (1979),3,1387,Jaws (1975),Action|Horror,0.6934794,0.8077892,0.7601137,0.7314938,4.0895698,1697,Liked by some of the same viewers. Shared genres: Action · Horror
Alien (1979),4,589,Terminator 2: Judgment Day (1991),Action|Sci-Fi|Thriller,0.8551230,0.7796108,0.8089561,0.7289561,4.0585126,2649,Liked by some of the same viewers. Shared genres: Action · Sci-Fi · Thriller
Alien (1979),5,2288,"Thing, The (1982)",Action|Horror|Sci-Fi|Thriller,1.0000000,0.6487632,0.7914765,0.7230667,3.7854251,741,Liked by some of the same viewers. Shared genres: Action · Horror · Sci-Fi · Thriller
Alien (1979),6,2571,"Matrix, The (1999)",Action|Sci-Fi|Thriller,0.8551230,0.7493324,0.7954560,0.7154560,4.3158301,2590,Liked by some of the same viewers. Shared genres: Action · Sci-Fi · Thriller
Alien (1979),7,3527,Predator (1987),Action|Sci-Fi|Thriller,0.8551230,0.6992640,0.7597836,0.6797836,3.6538165,1297,Liked by some of the same viewers. Shared genres: Action · Sci-Fi · Thriller
Alien (1979),8,260,Star Wars: Episode IV - A New Hope (1977),Action|Adventure|Fantasy|Sci-Fi,0.4367472,0.8604959,0.6909636,0.6501042,4.4536944,2991,Liked by some of the same viewers. Shared genres: Action · Sci-Fi
Alien (1979),9,2916,Total Recall (1990),Action|Adventure|Sci-Fi|Thriller,0.7201818,0.6775192,0.6942071,0.6268313,3.6823647,1996,Liked by some of the same viewers. Shared genres: Action · Sci-Fi · Thriller
Alien (1979),10,1036,Die Hard (1988),Action|Thriller,0.6537485,0.6957211,0.6829724,0.6218117,4.1218487,1666,Liked by some of the same viewers. Shared genres: Action · Thriller
