movieId,title,genres,predicted_rating,ranking_score
2762,"Sixth Sense, The (1999)",Thriller,3.32492982,0.67572452
457,"Fugitive, The (1993)",Action|Thriller,3.33124043,0.67048836
356,Forrest Gump (1994),Comedy|Romance|War,3.27531776,0.66292167
1240,"Terminator, The (1984)",Action|Sci-Fi|Thriller,3.28188422,0.66277939
296,Pulp Fiction (1994),Crime|Drama,3.26358585,0.66039842
1704,Good Will Hunting (1997),Drama,3.28884453,0.65475243
1225,Amadeus (1984),Drama,3.29643235,0.65269375
1270,Back to the Future (1985),Comedy|Sci-Fi,3.18419560,0.65084720
912,Casablanca (1942),Drama|Romance|War,3.24726574,0.64926641
2997,Being John Malkovich (1999),Comedy,3.19679867,0.64885002
